{
  "results_dir": "/Users/alex0nder/Projects/MailAgent/context-os/eval/results/run-1781319187610",
  "paired_questions": 45,
  "conditions": [
    "A",
    "B",
    "C"
  ],
  "mean_accuracy_a": 1.3777777777777778,
  "mean_accuracy_b": 1.6666666666666667,
  "mean_accuracy_c": 1.2444444444444445,
  "mean_accuracy_delta_b_vs_a": 0.28888888888888886,
  "mean_accuracy_delta_c_vs_a": -0.13333333333333333,
  "mean_ccr_context_chars_b": 12.130199364282154,
  "mean_ccr_context_chars_c": 4.12709587912436,
  "mean_ccr_tokens_est_b": 12.128532690136927,
  "mean_ccr_tokens_est_c": 4.1270717374655534,
  "mean_latency_a_ms": 6127.0888888888885,
  "mean_latency_b_ms": 6129.155555555555,
  "mean_latency_c_ms": 10142.622222222222,
  "mean_tokens_in_a": 88112.86666666667,
  "mean_tokens_in_b": 10614.777777777777,
  "mean_tokens_in_c": 20954.62222222222,
  "hallucination_rate_a": 0.2,
  "hallucination_rate_b": 0.17777777777777778,
  "hallucination_rate_c": 0.2222222222222222,
  "hypothesis_supported": true,
  "abc_ranking": {
    "accuracy_best": "B",
    "tokens_lowest": "B",
    "quality_per_token_b": 0.00015701380674740668,
    "quality_per_token_c": 0.00005938758672178401,
    "quality_per_token_a": 0.00001563651064707664
  }
}